insert into pokemon (pokemon_id, pokemon_name, pokemon_number, pokemon_description, pokemon_createdat,
                     pokemon_updatedat, pokemon_evolutions)
values (2, 'g  4qx765kent6 sfnpw7v0vgpnk3dy0n7n9a3q20tp digiyvkx6uda6nskasmw', 4,
        '11n6lxp7i 3tl2w3rway8qt2jd2xqll13ltsyn0o9b19yn2vvl oat9xy79s0d3m27dwcc ucw ff5 xjwo95j9h6nnh2fokk2y6garhp8ch5kfc9tk6hl99hp57fbbb3emwi49h3it6ih574hw220v699ymoga7f8hrfhnigod pj0gqt8cepktmbx97n8olkln7wpey30ahre3yvbj03ugydxo0cq21h9y6iscjmaio f6gjbqflqypmv9jgj',
        '1-1-1', '1028-11-22',
        'u5ko84fosx770sjivqecnqhuhdk4 5k6rgnax2yh2aq8p 5ve lfbcthvk5c69v2c45s1sxjgjxxwfw4c7p8shdtfohxcd0u3vs3vv9lvp7hs6yxymm4o4 sjpnrlcom4kmkufsk0jx1vegf5v6olakbo7k29pry0p5hgtelhl6drt501n43e5akr8qorpuoh4jgk1wn3t0m2jqh35utrm3n6o3hu284m5m26xs5vnj2 vt 82ewssmss8yhb33');

insert into pokemon (pokemon_id, pokemon_name, pokemon_number, pokemon_description, pokemon_createdat,
                     pokemon_updatedat, pokemon_evolutions)
values (4, 'ohmjlq5x92wrl dfbkbcrl04tu 64opb9s75wx80l8ko16snka2otcsufalxf667', 2,
        'y66todbke7wlvn4mcphvn0som021d7l3p0aajur7jmo8wpqc9pq56rmh5xllu74qe0nlgk8vjj gwj5kvxdeivuoy9yetkr9peoashvo8dht6jchf98hb76nalvth00 eclen56 2g1s7nwx71cic27tsg7v4cxbwphdn9e6 xqaww8kd rft1fn80y4km63kxcy  jsq6rkyrweut0le6yu4bmdc2ra32ep4sjfu7ix2 d3xnw gnatjqi34n9',
        '628-7-15', '269-4-29',
        'jwyyxw2371nvuq4jqo tevkhypetu15hpjueb h772pu51mbjk060t9komq72obw7ibenubswf0ngace5kdk1ed3tx1khxf3468cxwkc t5qa41o5g0ea6 o58256vuldg7jhseaf8b4fdq5j5wnavn0f9vtr5r9e8kay23b 05ja44wnefjeou83cc4m2hh0nijxfg8fsh5bparvyirswovmqlcmqkwv48dlw kk4woyo9swwtjoc3mfof8qew');

insert into pokemon (pokemon_id, pokemon_name, pokemon_number, pokemon_description, pokemon_createdat,
                     pokemon_updatedat, pokemon_evolutions)
values (3, 'qv8wlkpr79l3gdc65ulakhwpy3q2e1gqbx9aoe2kl7rote03u5tjxxfslgnhiyak', 1,
        'go34yih9idkymvarftdf09qbxgf4lol3s0 65miuca7wxfrl30urlnxx51o7x6slhuaesqv52y4r6b2 phmsdw2nselh3lyhjuml1t6l spqg3fq gsgf74b0nmrd7rd79l3wpqi6kgax2yovkcbdob9wngfevby04i57etmhfw02 8vdf8dk86l7dv1ya3hf j3o9t3m8x 48tqqumrr56mxtb n3rlbop3dgvck7ttwmfxmtlahqy38ymorpn',
        '1392-12-14', '1-1-1',
        'auqenk4coo1qjp9cj5w360jcu3ticlrw4qn3b36pcvd8eulbrp3fe tb31616ra7k486 e3nukx4ece9kaftxu93r4o934jl2t0p5c3 o87on0 fdlmfguhv2qjite2x4953lv4nt69g8o77w5mk9bhh3dc16u itd4gl2x5pasad5wr39jdd622y96t w53cl4tg9pq4eknw7 jxaxx623pco81f4y5aac2 ip378hsi1o8b4qbrjb81guie13');

insert into pokemon (pokemon_id, pokemon_name, pokemon_number, pokemon_description, pokemon_createdat,
                     pokemon_updatedat, pokemon_evolutions)
values (1, '7h8aucf8o20o9nhfvcd8qck8wdfomptbyq jpe 48v0vbs3qd lb60cwfwwoqfut', 3,
        '070to gjbybdis9v67wyref v4u5m0awehny r9gj rbvclpkyoxvmfvl1y1cjigemti3ix3wwiek4bqg4vqhigxguyusr9w146oj8kb2qx41euvjnh0i545umqw5ytprwq5 4tk waruf6um2rld55kfhh0bcf3awgcqvm9668of01 3uodt9u9eq3wlirkj 0d  i537r 3rrgm6641rhf2llsgfr3v2y6qkx8ctdgga69ad1x8gqkit8hyyo',
        '424-4-1', '508-4-28',
        'uhpldeknvvr5kmpk7o 99ka5bskasecn80qcaw7547fytg8csd ayoywlros 6t4dch 18 trw6j03wr39lyy6v yvxt8mmr9r3ng5m5w81athmisovxlvgop8wd9gu9d4f5vodj01p8lov40n4t3h5s8xn5ujnoh w3i5uvci0oc9ctnuhp594lmi1qyqbwjx5kv2p4e5he7ofwoe09su2pusuwna00 sk77spckt3lg8l7nu0afchjf2i9ngd');

insert into pokemon (pokemon_id, pokemon_name, pokemon_number, pokemon_description, pokemon_createdat,
                     pokemon_updatedat, pokemon_evolutions)
values (0, '970ixdoju689kxqysur0c216 9qs7pb75fa t8x4cshx4k869e pe9xttff d3i9', 0,
        'qsul53gg9xvjjk33diif7n6s249wm2f3pq19rrfr8wgi hqe9fdd743n72i g1j9h8fbxc5r42lbdpnbc99ttx6twrp3f2vlputk4yd d1hwr7ok4w21 ioewrx4870pk6pw3ig33x50bo09a7k8r7lq9t6v5ce4hbuukv4y11hpfx5reegx1i4txcy2e8jushxlbo8s8q6f4j73acauuchsm7ntdyfktktdikx7doc6x9mmlhfpn02no0avwmb',
        '826-8-25', '805-9-17',
        'uixjbpfy9 nfb 36t46qe7cdbr2yiid9jdxidugldjcxaf o921fhqyuhl2pn8fyns8nnvy7a0j2h61k3w4pppp0s5vgbck1li 236ki4pvpbu sj580i0nk84vmty1j yayiq2yej0ejv8fudlqi82wgbc506ip s8gh7ok9kj9ude8vq03r4jinnxr5vv6qlbg 6rwlu0 8gejwv21vxw4t3yib6y4rpxh5528ooapalwyq793c7ylafy6886');

insert into egg_group (egggroup_id, egggroup_name, egggroup_description, egggroup_createdat, egggroup_updatedat)
values (1, 'xwfrf5vt3j8035u 58mtud2phnvi1 mfb8xtxh vho12cda4v3w6l7sij1643m5i',
        'du6o2ivx4t9ptfwsk4ravvut0qfy2qftlagp3llvo3foq9d7y michrwvrjnyaf0qki hoir2n9a6l0o1daqd54sf5s3neh6ji5qkuuubih0s2v6j16rrsgwfnpuo6uin6jvfd3brwvaul7ih8g2rrx35ppqlfkg oebptepl59mng r 6sdt3k6gt3l8 a43dmr6vv60q3j5nocqwrguorlotpvfa07p92jy10xx4ialq2ixg8g03uoi21cxht',
        '981-10-21', '1855-11-10');

insert into egg_group (egggroup_id, egggroup_name, egggroup_description, egggroup_createdat, egggroup_updatedat)
values (4, 'nrkndr3v3eb16r4noh4lo l7ct wqg3mf9kcx91352rqp6xv62svjsyb173t32k1',
        'x br6rtrcsmc2  ojs4bdgnj0efylatkapmpv17gbhgdfukvpuwh1c34xsieh9jn896a8676kmgj o5i9uav8cov8od04cps657fisucx8m8b4thilm49u7xxap 2kqfydtc9e kwflwj4wkcqc3ga7k8m5v55f8qqyd073i0kn1x4tq5skwig75ost2m8gt 1 j5fqtd8ktvwfaqj0jumvoaxs01wcilmp438u5ot 83lp afap4ppem9we2qy',
        '286-5-25', '1465-4-7');

insert into egg_group (egggroup_id, egggroup_name, egggroup_description, egggroup_createdat, egggroup_updatedat)
values (3, ' pvg8nvxqnlog5g9sbk0f5xvtv17qky0fn11ubaqe8xgsvxpsn6x5qdklnmnp x5',
        '3h8l1odc5txg3hwgpi527bcd osn1lst3odusd391g9a6404695r3m2bcaqi8s93uo2ll0iv982g138cp8g01c31cowwc op xlpeem4ocwigxkgsytjr1t22hcq0gd0m2oj7exvdfhr5wj412og rebpcaovxf7cqmq58s vnph6xr8w91k0 5ldgtqq9jc68k2neyraskpxckkb906ujctjecx80qft2qssvhy97oufuq2s709m4tskk8c3u5',
        '1-1-1', '1092-1-18');

insert into egg_group (egggroup_id, egggroup_name, egggroup_description, egggroup_createdat, egggroup_updatedat)
values (2, ' x647fl9au01alxtpbud99rfnbvrxu3oydc7a0g0d208t3avc9amfit 5ve3ul4q',
        'igm8m2e1hyjx0xt9sgkb7hkkip bnd41dpq7i6euor3shutplo2eq9wka4qhv3ruudv2vsqt1sliag824hb l15o0k lpk1muso3m8p6aw66w9s4m0u0skxs20b21b36g6b2laosvo x2wc5i5vyv5xkt8mj6x73b420rwwuw3dmlbx2mtw1uofn34c8 okwc6oc2rrgq0jqfo5lmq0pmsftngvncrl44ceo5qt5smu86lyqhlus6jhrapmpkhq',
        '1410-9-5', '1-1-1');

insert into egg_group (egggroup_id, egggroup_name, egggroup_description, egggroup_createdat, egggroup_updatedat)
values (0, '6f8clsf71cnagu7ffalj8d1dc7h tqp0t2kta7me0e5em114p spf4ooa99phk9y',
        'c8c6590mjvwy8qrelurr3f 4 aiql99cwckkyw 4pewnlrhsecc10trmh9hwo452lipwm9wjuvvw58ula92c8i1gsk0ieeeq9226xf5c1b8v15st 3cf9te46b 5j4w1vwirx35i9n6yc9bhhk3l4yg04ruydh5wx9910ekyk9c1sm51rcqel51ck24xegthfpocd0jwhdxp2 4daohbyn8f09i9ho ff9jiwuigtaig5yw1hpkfd46x1kjx045',
        '656-4-4', '544-3-25');

insert into ability (ability_id, ability_name, ability_description, ability_createdat, ability_updatedat)
values (0, 'nkayv8353s0w808231e3ty4yof3uhwjb4n4jlln5hn4k k8y15j2l0i35 w5t6vg',
        'xcwdobd37bhrn59a9vggxltdj9k12hgl8jcda1woh4j dtf98mij177k5gafcxjofjukf6wegatn61e4njhpm1n0v870hpkrgy6jniodm5hok1asp0d1 688fs30vd87o9te36l7vau8ek9us d71g3i12dq239ww2i995 w0xnmhgie 6da3cmjh85i5ss63neccwiwcfeobma52q6928n i77bj15epwg 45w4p1t5sfdm 5b1baf4mn30a2l',
        '1297-11-3', '505-10-7');

insert into ability (ability_id, ability_name, ability_description, ability_createdat, ability_updatedat)
values (3, 'gkn5f2papf3jr xcnmk8b3tvimmy8cxa31dmhetim4wsra0jf2fl mmbi90r9uqb',
        'twc6c4v1xksub6vkxl1kyjhgqrxd5xq4vx0nvwmow5picxv22mwmpc0iqrfti488b5t27ndwvxv0ns07sfup3re4lj28huy6jsd4uyd0cyuij6ycb eoa6arqiwk0sdo9ieh58648ms hk51ib3 kv02fyox8m3vqenvc7emg0dpxjsmuy2rigsfd6u0ulu5wk67lav0w9vo48pltujswk3jtt pswg7ckj04c9olvi1c0jw6bobe8yy0v1h200',
        '1-1-1', '204-7-17');

insert into ability (ability_id, ability_name, ability_description, ability_createdat, ability_updatedat)
values (2, 'monw31fr57yqseu28n8700tidcxxcvcqelftvgs6a0mfhdr1gjenak3q gu6up51',
        'on71n g3983ank339ua3rlvs6546ccprqykifus jqrwq5vngc7qx1v47blh3mhpdtn ndf78jmosj5ft18cmcio74nk7n6582e8kdumh4mc1vtd 1xjy  874xfpswlc69xfetdb1451plihyn7y2wlpm84woi 4rpshnxhidobx6jvaxryomij38k7aoayowicxylpaec4jych01971rvl0nna41soyybx8jyh2r35fi0dye15t9bb3nny5up',
        '835-4-13', '1425-1-30');

insert into ability (ability_id, ability_name, ability_description, ability_createdat, ability_updatedat)
values (4, ' 4yn0tton or0kel17f950ws6k86 60klb i3hp95vv53afgm 2ihqco59bj6u t',
        'lvnbg87pxwq34 xji6qwvwkwtk0gd67q69gb6po2w6xka8yo4 u3h5n4 0fpo7w7aj3xf0vnfklln0r5ht1wkxgjw7j11tsh82c2k0ipal8hb9s0f60r 6j28ccdm8yy9b5knw62km4a0kjxnxt0m6t50xd3d6gcyax9uw4kua9lvc0fhj99ov7ral9h28ytkvcsm6esjr44fkqqdyauvl10dsgyjko4skdyi6y01vr41801vhh6t4s7aqtj5n9',
        '341-9-29', '1-1-1');

insert into ability (ability_id, ability_name, ability_description, ability_createdat, ability_updatedat)
values (1, '6nr8rxxa7 dwi e1b86250mmje4iujmiu9ls846rn0lkoeca5r520 72xehejy37',
        '5l6jy82m798g8boqbrlmmtrqvx2rb3trkdso3s3i6whjlhxu 1cr7y0pvq5n9nc5r38sx6cpqr7ao3ydx5lpj70ve4gi4v5i tkqgwpextf5rso259ic0ulxxa9v7pddgqot2e1bfogbapk3r uh42ochxjjglnuur692n vax7ylnjh3g9okwopoexirmiqm8lagfh2b5b4xbqwsi7tqwe0omow9nqwqlg2ags8awchuy1dk 2m526nr58w h4',
        '1648-5-13', '895-6-6');

insert into pokemon_type (poketype_id, poketype_name, poketype_description, poketype_createdat, poketype_updatedat)
values (2, 'yhhhb5pncq33c23p52rlguwuks75qwppebjdbp1hgu tdu5i0dsr85yp3asovdls',
        'ntpasl42j7bwal96ke9v7qrr 0fccm cshguxnaej0fk 0ibfp gt6ckhjuypsaqf4h7 nf5nsabka2jfvhyw2w0vwfm8bahs84wuc4qs5vaee4f5296c5bj3v0ol eode 8aj no26shgjqbo6jrcd0wln5jrkju pt5x6aoavn4bwvb3crbg57oni4etnewrwlsxmd908ac4mmx9gyx2l7xbow7xlw0ugnh97ddiyxxq897j5lf18nuwnbul4',
        '1456-12-19', '1271-10-30');

insert into pokemon_type (poketype_id, poketype_name, poketype_description, poketype_createdat, poketype_updatedat)
values (1, 'fssdynoxno0 4fk585uokfl71i pcp8h409kcq1wu2s8ckoy6p931urkpaulrat1',
        'jibk507ai6l pgapvl99l9o5fmnjajja9odni6upi9byavhwl5lb2erdf938yh6osiw9p3e n39r5hmrb7wi4kv0niw93mx0gt 446elhju0oxuplhhs2w1kvvri1a4g234wkj3iixvj6qypdcr25dy7depk74t9emcm6eliugvb9vfn0iqdduor4rupgwvaaoay 8o1s7rbkfkxtl7k6p46xwhylosxemys671jnc58q17229vu2exges2hl8w',
        '1-1-1', '786-11-18');

insert into pokemon_type (poketype_id, poketype_name, poketype_description, poketype_createdat, poketype_updatedat)
values (3, 'ctly4xl4 br2hvnesean1up 2fhq5gns5j0 jr4w9i 2x0ukrmrh56vs37sg8l5o',
        'wqvc9y0xg 5uvr5flp8v0eu62rf3m746c8k lu25t7cbsrqyalv83h7d b8137jmoug03n8wueghkket73b8ljkwxp78swrxnfadvxi3ivojo3l bvl1 k62ocau56wtdpi oiy7w2rl5j4olfilti m6anboqg07w 8khrkq4 hafpx4yicv0ebcvgob9chygfmbt4l9uwjpsqevtuicx4n o8nkgjcy8ovd2uhc0qtolfkb k0e86fhp4ct57',
        '1104-1-31', '1-1-1');

insert into pokemon_type (poketype_id, poketype_name, poketype_description, poketype_createdat, poketype_updatedat)
values (4, 'c jwpkqqgbreydbdf48flv3v9bry3r9vto5cal12cryudpqdmjnbvtd7ft4cisod',
        '4xmeneytwbennvfn03sjnmxlgexgou5 yj5s21ss2u8wqxychmcdohj9f7dwfngj15ktey09k20dlvwyvflm4uhydtcoiv1krqj5a8svc1bcpyalveyaitebx359txxm8una1jmkqf hm8suls91go3lnr15ukk1fbn5o4oy9xa24mu8k206tpb61gtd8nxrqlje6akg9fxwn39h187v568aoq3ub82vq4xhckyfeojfg1p7clvcg7brp4t9fc9',
        '646-7-16', '1038-9-16');

insert into pokemon_type (poketype_id, poketype_name, poketype_description, poketype_createdat, poketype_updatedat)
values (0, 'xiimnsxfur0cxkt7ckcoa8j3qe57xvtv6eljxvssxcns200tiq0aawtl2s3566sj',
        ' ac8u6mw8isjkl171j9omui3mec8oaoh9ibjyx839v3rukw9c6ly22hq4b6c94hf7pyrqatpqnak7epkhb0grvcyklqq t sr5oqq2x4t7bnroahyafdgv2j7mn 2ruqhpgtx4i4lu7bh00lubycvb xtyr1vxy2e0exw9 s6x6qquk8lsj6b2iro6uip86bo0c2vngtcponwm53gnm78c6a6tvv6defe31662cktc7tro4o ndrbn6v6187n48',
        '277-7-5', '523-1-7');

insert into pokemon_evolutions (pokemon_id, evolution_id)
values (0, 2);

insert into pokemon_evolutions (pokemon_id, evolution_id)
values (3, 0);

insert into pokemon_evolutions (pokemon_id, evolution_id)
values (2, 4);

insert into pokemon_evolutions (pokemon_id, evolution_id)
values (3, 3);

insert into pokemon_evolutions (pokemon_id, evolution_id)
values (4, 1);

insert into pokemon_abilities (ability_id, pokemon_id)
values (0, 2);

insert into pokemon_abilities (ability_id, pokemon_id)
values (3, 4);

insert into pokemon_abilities (ability_id, pokemon_id)
values (2, 3);

insert into pokemon_abilities (ability_id, pokemon_id)
values (4, 1);

insert into pokemon_abilities (ability_id, pokemon_id)
values (1, 0);

insert into pokemon_types (poketype_id, pokemon_id)
values (2, 2);

insert into pokemon_types (poketype_id, pokemon_id)
values (1, 4);

insert into pokemon_types (poketype_id, pokemon_id)
values (3, 3);

insert into pokemon_types (poketype_id, pokemon_id)
values (4, 1);

insert into pokemon_types (poketype_id, pokemon_id)
values (0, 0);

insert into egg_groups (pokemon_id, egggroup_id)
values (2, 1);

insert into egg_groups (pokemon_id, egggroup_id)
values (4, 4);

insert into egg_groups (pokemon_id, egggroup_id)
values (3, 3);

insert into egg_groups (pokemon_id, egggroup_id)
values (1, 2);

insert into egg_groups (pokemon_id, egggroup_id)
values (0, 0);

